{
  "decipher": {
    "bleu": 11.569206650092395,
    "chrf": 26.97254348636438
  },
  "translation": {
    "bleu": 8.14883895542252,
    "chrf": 38.448969704664634
  },
  "num_segments": 30
}