{
  "decipher": {
    "bleu": 5.114255289762819,
    "chrf": 18.02710934787305
  },
  "translation": {
    "bleu": 3.893028378988148,
    "chrf": 23.09004466263028
  },
  "num_segments": 30
}