{
  "decipher": {
    "bleu": 1.9804390651120598,
    "chrf": 5.289689038429741
  },
  "translation": {
    "bleu": 5.5645210964999725,
    "chrf": 35.655476834071784
  },
  "num_segments": 30
}