{
  "decipher": {
    "bleu": 1.8082190759856909,
    "chrf": 4.64467716592478
  },
  "translation": {
    "bleu": 1.9179142961645208,
    "chrf": 24.05287653502262
  },
  "num_segments": 30
}