{
  "decipher": {
    "bleu": 3.7169520978490977,
    "chrf": 2.9525080550261937
  },
  "translation": {
    "bleu": 3.007560486941819,
    "chrf": 22.39502482026286
  },
  "num_segments": 30
}