{
  "decipher": {
    "bleu": 3.625088265742294,
    "chrf": 17.660633149002617
  },
  "translation": {
    "bleu": 1.3414062156994033,
    "chrf": 21.61371901146568
  },
  "num_segments": 30
}