{
  "decipher": {
    "bleu": 9.271715032930993,
    "chrf": 25.760354687341504
  },
  "translation": {
    "bleu": 3.733329835908584,
    "chrf": 31.044040380072165
  },
  "num_segments": 30
}