{
  "decipher": {
    "bleu": 10.281006462624699,
    "chrf": 29.430471894826056
  },
  "translation": {
    "bleu": 12.64311364423781,
    "chrf": 43.35120188802538
  },
  "num_segments": 30
}