{
  "decipher": {
    "bleu": 4.108280602019725,
    "chrf": 18.450649412668106
  },
  "translation": {
    "bleu": 2.464783945248986,
    "chrf": 24.530248009046574
  },
  "num_segments": 30
}