{
  "decipher": {
    "bleu": 2.8205216660898516,
    "chrf": 4.278175912733429
  },
  "translation": {
    "bleu": 5.0534976578524295,
    "chrf": 33.87716891960984
  },
  "num_segments": 30
}